"[1, 1, 0]",1.2063462138175964,18:43:00
"[1, 1, 0]",1.2063462138175964,18:43:00
"[1, 1, 0]",1.2063462138175964,18:43:00
"[1, 1, 0]",1.2043901681900024,18:43:00
"[1, 1, 0]",1.2043901681900024,18:43:00
"[1, 1, 0]",1.1949087381362915,18:43:00
"[1, 1, 0]",1.1949087381362915,18:43:00
"[1, 1, 0]",1.1949087381362915,18:43:00
"[1, 1, 0]",1.1871384382247925,18:43:00
"[1, 1, 0]",1.1871384382247925,18:43:00
"[1, 1, 0]",1.178827166557312,18:43:01
"[1, 1, 0]",1.178827166557312,18:43:01
"[1, 1, 0]",1.178827166557312,18:43:01
"[1, 1, 0]",1.173018217086792,18:43:01
"[1, 1, 0]",1.173018217086792,18:43:01
"[1, 1, 0]",1.15226149559021,18:43:01
"[1, 1, 0]",1.15226149559021,18:43:01
"[1, 1, 0]",1.1382136940956116,18:43:01
"[1, 1, 0]",1.1382136940956116,18:43:01
"[1, 1, 0]",1.108753740787506,18:43:01
"[1, 1, 0]",1.108753740787506,18:43:01
"[1, 1, 0]",1.0773844718933105,18:43:01
"[1, 1, 0]",1.0773844718933105,18:43:01
"[1, 1, 0]",1.0773844718933105,18:43:01
"[1, 1, 0]",1.0447003245353699,18:43:01
"[1, 1, 0]",1.0447003245353699,18:43:01
"[1, 1, 0]",1.0113580822944641,18:43:01
"[1, 1, 0]",1.0113580822944641,18:43:01
"[1, 1, 0]",0.9741849899291992,18:43:02
"[1, 1, 0]",0.9741849899291992,18:43:02
"[1, 1, 0]",0.928120493888855,18:43:02
"[1, 1, 0]",0.928120493888855,18:43:02
"[1, 1, 0]",0.8914750218391418,18:43:02
"[1, 1, 0]",0.8914750218391418,18:43:02
"[1, 1, 0]",0.8411898016929626,18:43:02
"[1, 1, 0]",0.8411898016929626,18:43:02
"[1, 1, 0]",0.8411898016929626,18:43:02
"[1, 1, 0]",0.7993080615997314,18:43:02
"[1, 1, 0]",0.7993080615997314,18:43:02
"[1, 1, 0]",0.7550249099731445,18:43:02
"[1, 1, 0]",0.7550249099731445,18:43:02
"[1, 1, 0]",0.7075586915016174,18:43:02
"[1, 1, 0]",0.7075586915016174,18:43:02
"[1, 1, 0]",0.6579645872116089,18:43:02
"[1, 1, 0]",0.6579645872116089,18:43:03
"[1, 1, 0]",0.6054303646087646,18:43:03
"[1, 1, 0]",0.6054303646087646,18:43:03
"[1, 1, 0]",0.552429735660553,18:43:03
"[1, 1, 0]",0.552429735660553,18:43:03
"[1, 1, 0]",0.5066366195678711,18:43:03
"[1, 1, 0]",0.5066366195678711,18:43:03
"[1, 1, 0]",0.4506700038909912,18:43:03
"[1, 1, 0]",0.4506700038909912,18:43:03
"[1, 1, 0]",0.3974738121032715,18:43:03
"[1, 1, 0]",0.3974738121032715,18:43:03
"[1, 1, 0]",0.3457692861557007,18:43:03
"[1, 1, 0]",0.3457692861557007,18:43:03
"[1, 1, 0]",0.2914125919342041,18:43:03
"[1, 1, 0]",0.2914125919342041,18:43:03
"[1, 1, 0]",0.2406635880470276,18:43:03
"[1, 1, 0]",0.1872950792312622,18:43:04
"[1, 1, 0]",0.1872950792312622,18:43:04
"[1, 1, 0]",0.13527685403823853,18:43:04
"[1, 1, 0]",0.13527685403823853,18:43:04
"[1, 1, 0]",0.07997918128967285,18:43:04
"[1, 1, 0]",0.07997918128967285,18:43:04
"[1, 1, 0]",0.027381598949432373,18:43:04
"[1, 1, 0]",0.027381598949432373,18:43:04
"[1, 0, 0]",0.968899130821228,18:43:04
"[1, 0, 0]",0.968899130821228,18:43:04
"[1, 0, 0]",0.918524444103241,18:43:04
"[1, 0, 0]",0.918524444103241,18:43:04
"[1, 0, 0]",0.8730566501617432,18:43:04
"[1, 0, 0]",0.8730566501617432,18:43:04
"[1, 0, 0]",0.8293134570121765,18:43:04
"[1, 0, 0]",0.8293134570121765,18:43:05
"[1, 0, 0]",0.7785163521766663,18:43:05
"[1, 0, 0]",0.7785163521766663,18:43:05
"[1, 0, 0]",0.7390496730804443,18:43:05
"[1, 0, 0]",0.7005990147590637,18:43:05
"[1, 0, 0]",0.7005990147590637,18:43:05
"[1, 0, 0]",0.6645974516868591,18:43:05
"[1, 0, 0]",0.6645974516868591,18:43:05
"[1, 0, 0]",0.6377905011177063,18:43:05
"[1, 0, 0]",0.6377905011177063,18:43:05
"[1, 0, 0]",0.61180579662323,18:43:05
"[1, 0, 0]",0.61180579662323,18:43:05
"[1, 0, 0]",0.5907843112945557,18:43:05
"[1, 0, 0]",0.5907843112945557,18:43:05
"[1, 0, 0]",0.5697459578514099,18:43:05
"[1, 0, 0]",0.5697459578514099,18:43:06
"[1, 0, 0]",0.5546666979789734,18:43:06
"[1, 0, 0]",0.5546666979789734,18:43:06
"[1, 0, 0]",0.5459664463996887,18:43:06
"[1, 0, 0]",0.5294821262359619,18:43:06
"[1, 0, 0]",0.5294821262359619,18:43:06
"[1, 0, 0]",0.5294821262359619,18:43:06
"[1, 0, 0]",0.5215993523597717,18:43:06
"[1, 0, 0]",0.5215993523597717,18:43:06
"[1, 0, 0]",0.5145484805107117,18:43:06
"[1, 0, 0]",0.5082562565803528,18:43:06
"[1, 0, 0]",0.5082562565803528,18:43:06
"[1, 0, 0]",0.5071897506713867,18:43:06
"[1, 0, 0]",0.5071897506713867,18:43:06
"[1, 0, 0]",0.5017597377300262,18:43:06
"[1, 0, 0]",0.5017597377300262,18:43:07
"[1, 0, 0]",0.4994012117385864,18:43:07
"[1, 0, 0]",0.4994012117385864,18:43:07
"[1, 0, 0]",0.5008762776851654,18:43:07
"[1, 0, 0]",0.5008762776851654,18:43:07
"[1, 0, 0]",0.5015166103839874,18:43:07
"[1, 0, 0]",0.5015166103839874,18:43:07
"[1, 0, 0]",0.5017580986022949,18:43:07
"[1, 0, 0]",0.5017580986022949,18:43:07
"[1, 0, 0]",0.5021393299102783,18:43:07
"[1, 0, 0]",0.5021393299102783,18:43:07
"[1, 0, 0]",0.5021039843559265,18:43:07
"[1, 0, 0]",0.5021039843559265,18:43:07
"[1, 0, 0]",0.5020419061183929,18:43:07
"[1, 0, 0]",0.5019883513450623,18:43:08
"[1, 0, 0]",0.5019883513450623,18:43:08
"[1, 0, 0]",0.5019580125808716,18:43:08
"[1, 0, 0]",0.5019580125808716,18:43:08
"[1, 0, 0]",0.5019566118717194,18:43:08
"[1, 0, 0]",0.5019566118717194,18:43:08
"[1, 0, 0]",0.5019879341125488,18:43:08
"[1, 0, 0]",0.5019879341125488,18:43:08
"[1, 0, 0]",0.5020557343959808,18:43:08
"[1, 0, 0]",0.5020557343959808,18:43:08
"[1, 0, 0]",0.502156525850296,18:43:08
"[1, 0, 0]",0.502288281917572,18:43:08
"[1, 0, 0]",0.502288281917572,18:43:08
"[1, 0, 0]",0.502443939447403,18:43:08
"[1, 0, 0]",0.502443939447403,18:43:08
"[1, 0, 0]",0.5026220977306366,18:43:09
"[1, 0, 0]",0.5026220977306366,18:43:09
"[1, 0, 0]",0.5028234124183655,18:43:09
"[1, 0, 0]",0.5028234124183655,18:43:09
"[1, 0, 0]",0.503040075302124,18:43:09
"[1, 0, 0]",0.503040075302124,18:43:09
"[1, 0, 0]",0.5032727122306824,18:43:09
"[1, 0, 0]",0.5032727122306824,18:43:09
"[1, 0, 0]",0.50351881980896,18:43:09
"[1, 0, 0]",0.5037763118743896,18:43:09
"[1, 0, 0]",0.5037763118743896,18:43:09
"[1, 0, 0]",0.5040441155433655,18:43:09
"[1, 0, 0]",0.5040441155433655,18:43:09
"[1, 0, 0]",0.5043188333511353,18:43:09
"[1, 0, 0]",0.5043188333511353,18:43:09
"[1, 0, 0]",0.50460284948349,18:43:10
"[1, 0, 0]",0.50460284948349,18:43:10
"[1, 0, 0]",0.5048896670341492,18:43:10
"[1, 0, 0]",0.5048896670341492,18:43:10
"[1, 0, 0]",0.5051835775375366,18:43:10
"[1, 0, 0]",0.5051835775375366,18:43:10
"[1, 0, 0]",0.5054818391799927,18:43:10
"[1, 0, 0]",0.5054818391799927,18:43:10
"[1, 0, 0]",0.5057827234268188,18:43:10
"[1, 0, 0]",0.5057827234268188,18:43:10
"[1, 0, 0]",0.5060882568359375,18:43:10
"[1, 0, 0]",0.5060882568359375,18:43:10
"[1, 0, 0]",0.506395161151886,18:43:10
"[1, 0, 0]",0.506395161151886,18:43:10
"[1, 0, 0]",0.5067059397697449,18:43:10
"[1, 0, 0]",0.5067059397697449,18:43:11
"[1, 0, 0]",0.5070163011550903,18:43:11
"[1, 0, 0]",0.5073307752609253,18:43:11
"[1, 0, 0]",0.5073307752609253,18:43:11
"[1, 0, 0]",0.5076452493667603,18:43:11
"[1, 0, 0]",0.5076452493667603,18:43:11
"[1, 0, 0]",0.50795978307724,18:43:11
"[1, 0, 0]",0.50795978307724,18:43:11
"[1, 0, 0]",0.5082773566246033,18:43:11
"[1, 0, 0]",0.5082773566246033,18:43:11
"[1, 0, 0]",0.5082672834396362,18:43:11
"[1, 0, 0]",0.5082672834396362,18:43:11
"[1, 0, 0]",0.5079671144485474,18:43:11
"[1, 0, 0]",0.5079671144485474,18:43:11
"[1, 0, 0]",0.5076656937599182,18:43:12
"[1, 0, 0]",0.5073651075363159,18:43:12
"[1, 0, 0]",0.5073651075363159,18:43:12
"[1, 0, 0]",0.5070623755455017,18:43:12
"[1, 0, 0]",0.5070623755455017,18:43:12
"[1, 0, 0]",0.5067605972290039,18:43:12
"[1, 0, 0]",0.5067605972290039,18:43:12
"[1, 0, 0]",0.5064501762390137,18:43:12
"[1, 0, 0]",0.5064501762390137,18:43:12
"[1, 0, 0]",0.5061355829238892,18:43:12
"[1, 0, 0]",0.5061355829238892,18:43:12
"[1, 0, 0]",0.5058241486549377,18:43:12
"[1, 0, 0]",0.5058241486549377,18:43:12
"[1, 0, 0]",0.5055095553398132,18:43:12
"[1, 0, 0]",0.5055095553398132,18:43:12
"[1, 0, 0]",0.5051968097686768,18:43:12
"[1, 0, 0]",0.5051968097686768,18:43:13
"[1, 0, 0]",0.5048831701278687,18:43:13
"[1, 0, 0]",0.5048831701278687,18:43:13
"[1, 0, 0]",0.5045696496963501,18:43:13
"[1, 0, 0]",0.5045696496963501,18:43:13
"[1, 0, 0]",0.5042577981948853,18:43:13
"[1, 0, 0]",0.5042577981948853,18:43:13
"[1, 0, 0]",0.5039442181587219,18:43:13
"[1, 0, 0]",0.5039442181587219,18:43:13
"[1, 0, 0]",0.5036332011222839,18:43:13
"[1, 0, 0]",0.5033197999000549,18:43:13
"[1, 0, 0]",0.5033197999000549,18:43:13
"[1, 0, 0]",0.5026822686195374,18:43:13
"[1, 0, 0]",0.5026822686195374,18:43:13
"[1, 0, 0]",0.5023691654205322,18:43:13
"[1, 0, 0]",0.5023691654205322,18:43:14
"[1, 0, 0]",0.5020573139190674,18:43:14
"[1, 0, 0]",0.5020573139190674,18:43:14
"[1, 0, 0]",0.5017448663711548,18:43:14
"[1, 0, 0]",0.5017448663711548,18:43:14
"[1, 0, 0]",0.5014326572418213,18:43:14
"[1, 0, 0]",0.5014326572418213,18:43:14
"[1, 0, 0]",0.501122236251831,18:43:14
"[1, 0, 0]",0.501122236251831,18:43:14
"[1, 0, 0]",0.5009446740150452,18:43:14
"[1, 0, 0]",0.5009446740150452,18:43:14
"[1, 0, 0]",0.5012716054916382,18:43:14
"[1, 0, 0]",0.5015976428985596,18:43:14
"[1, 0, 0]",0.5015976428985596,18:43:14
"[1, 0, 0]",0.5019239187240601,18:43:14
"[1, 0, 0]",0.5019239187240601,18:43:15
"[1, 0, 0]",0.5022509098052979,18:43:15
"[1, 0, 0]",0.5022509098052979,18:43:15
"[1, 0, 0]",0.5025756359100342,18:43:15
"[1, 0, 0]",0.5025756359100342,18:43:15
"[1, 0, 0]",0.502902626991272,18:43:15
"[1, 0, 0]",0.502902626991272,18:43:15
"[1, 0, 0]",0.5032283067703247,18:43:15
"[1, 0, 0]",0.5032283067703247,18:43:15
"[1, 0, 0]",0.5035524964332581,18:43:15
"[1, 0, 0]",0.5035524964332581,18:43:15
"[1, 0, 0]",0.5038788914680481,18:43:15
"[1, 0, 0]",0.5038788914680481,18:43:15
"[1, 0, 0]",0.5042037963867188,18:43:15
"[1, 0, 0]",0.5042037963867188,18:43:15
"[1, 0, 0]",0.504528284072876,18:43:16
"[1, 0, 0]",0.504528284072876,18:43:16
"[1, 0, 0]",0.5048533082008362,18:43:16
"[1, 0, 0]",0.5048533082008362,18:43:16
"[1, 0, 0]",0.5051774978637695,18:43:16
"[1, 0, 0]",0.5055014491081238,18:43:16
"[1, 0, 0]",0.5055014491081238,18:43:16
"[1, 0, 0]",0.5058267116546631,18:43:16
"[1, 0, 0]",0.5058267116546631,18:43:16
"[1, 0, 0]",0.5061522126197815,18:43:16
"[1, 0, 0]",0.5061522126197815,18:43:16
"[1, 0, 0]",0.5064748525619507,18:43:16
"[1, 0, 0]",0.5064748525619507,18:43:16
"[1, 0, 0]",0.5067986249923706,18:43:16
"[1, 0, 0]",0.5067986249923706,18:43:16
"[1, 0, 0]",0.5071234703063965,18:43:17
"[1, 0, 0]",0.5071234703063965,18:43:17
"[1, 0, 0]",0.5074458122253418,18:43:17
"[1, 0, 0]",0.5074458122253418,18:43:17
"[1, 0, 0]",0.5077695250511169,18:43:17
"[1, 0, 0]",0.5077695250511169,18:43:17
"[1, 0, 0]",0.508093535900116,18:43:17
"[1, 0, 0]",0.508093535900116,18:43:17
"[1, 0, 0]",0.508415937423706,18:43:17
"[1, 0, 0]",0.508415937423706,18:43:17
"[1, 0, 0]",0.5085558295249939,18:43:17
"[1, 0, 0]",0.5085558295249939,18:43:17
"[1, 0, 0]",0.5082399249076843,18:43:17
"[1, 0, 0]",0.5082399249076843,18:43:17
"[1, 0, 0]",0.507926344871521,18:43:17
"[1, 0, 0]",0.507926344871521,18:43:18
"[1, 0, 0]",0.5076106190681458,18:43:18
"[1, 0, 0]",0.5076106190681458,18:43:18
"[1, 0, 0]",0.5072964429855347,18:43:18
"[1, 0, 0]",0.5072964429855347,18:43:18
"[1, 0, 0]",0.5069824457168579,18:43:18
"[1, 0, 0]",0.5066671967506409,18:43:18
"[1, 0, 0]",0.5066671967506409,18:43:18
"[1, 0, 0]",0.5063538551330566,18:43:18
"[1, 0, 0]",0.5063538551330566,18:43:18
"[1, 0, 0]",0.5063538551330566,18:43:18
"[1, 0, 0]",0.5060399174690247,18:43:18
"[1, 0, 0]",0.5060399174690247,18:43:18
"[1, 0, 0]",0.5057249665260315,18:43:18
"[1, 0, 0]",0.5057249665260315,18:43:18
"[1, 0, 0]",0.5054112672805786,18:43:18
"[1, 0, 0]",0.5054112672805786,18:43:19
"[1, 0, 0]",0.5050985813140869,18:43:19
"[1, 0, 0]",0.5050985813140869,18:43:19
"[1, 0, 0]",0.5047836303710938,18:43:19
"[1, 0, 0]",0.504471480846405,18:43:19
"[1, 0, 0]",0.504471480846405,18:43:19
"[1, 0, 0]",0.5282807350158691,18:43:19
"[1, 0, 0]",0.5282807350158691,18:43:19
"[1, 0, 0]",0.6118330955505371,18:43:19
"[1, 0, 0]",0.6118330955505371,18:43:19
"[1, 0, 0]",0.6851309537887573,18:43:19
"[1, 0, 0]",0.7701506018638611,18:43:19
"[1, 0, 0]",0.7701506018638611,18:43:19
"[1, 0, 0]",0.8523086905479431,18:43:20
"[1, 0, 0]",0.9308046698570251,18:43:20
"[1, 0, 0]",1.0116239488124847,18:43:20
"[1, 0, 0]",1.0976362228393555,18:43:20
"[1, 0, 0]",1.1762858927249908,18:43:20
"[1, 0, 0]",1.1762858927249908,18:43:20
"[1, 0, 0]",1.2575521171092987,18:43:20
"[1, 0, 0]",1.2575521171092987,18:43:20
"[1, 0, 0]",1.3407816141843796,18:43:20
"[1, 0, 0]",1.3407816141843796,18:43:20
"[1, 0, 0]",1.420264132320881,18:43:20
"[1, 0, 0]",1.420264132320881,18:43:20
"[1, 0, 0]",1.5024942392483354,18:43:21
"[1, 0, 0]",1.5024942392483354,18:43:21
"[1, 1, 0]",1.078458271920681,18:43:21
"[1, 1, 0]",1.078458271920681,18:43:21
"[1, 1, 0]",1.1497959643602371,18:43:21
"[1, 1, 0]",1.225548505783081,18:43:21
"[1, 1, 0]",1.225548505783081,18:43:21
"[1, 1, 0]",1.2978099286556244,18:43:21
"[1, 1, 0]",1.2978099286556244,18:43:21
"[1, 1, 0]",1.3750567436218262,18:43:21
"[1, 1, 0]",1.3750567436218262,18:43:21
"[1, 1, 0]",1.4493396580219269,18:43:21
"[1, 1, 0]",1.4493396580219269,18:43:21
"[1, 1, 0]",1.5266705751419067,18:43:21
"[1, 1, 0]",1.5266705751419067,18:43:21
"[1, 1, 0]",1.6015281081199646,18:43:22
"[1, 1, 0]",1.6015281081199646,18:43:22
"[1, 1, 0]",1.6731200814247131,18:43:22
"[1, 1, 0]",1.6731200814247131,18:43:22
"[1, 1, 0]",1.7018605470657349,18:43:22
"[1, 1, 0]",1.632742166519165,18:43:22
"[1, 1, 0]",1.632742166519165,18:43:22
"[1, 1, 0]",1.5593450665473938,18:43:22
"[1, 1, 0]",1.5593450665473938,18:43:22
"[1, 1, 0]",1.4997746348381042,18:43:22
"[1, 1, 0]",1.4997746348381042,18:43:22
"[1, 1, 0]",1.4246890544891357,18:43:22
"[1, 1, 0]",1.4246890544891357,18:43:22
"[1, 1, 0]",1.366471767425537,18:43:22
"[1, 1, 0]",1.294508934020996,18:43:23
"[1, 1, 0]",1.294508934020996,18:43:23
"[1, 1, 0]",1.229813575744629,18:43:23
"[1, 1, 0]",1.229813575744629,18:43:23
"[1, 1, 0]",1.1686581373214722,18:43:23
"[1, 1, 0]",1.1686581373214722,18:43:23
"[1, 1, 0]",1.1036794781684875,18:43:23
"[1, 1, 0]",1.1036794781684875,18:43:23
"[1, 1, 0]",1.0379210114479065,18:43:23
"[1, 1, 0]",0.973884642124176,18:43:23
"[1, 1, 0]",0.973884642124176,18:43:23
"[1, 1, 0]",0.9114049673080444,18:43:23
"[1, 1, 0]",0.9114049673080444,18:43:23
"[1, 1, 0]",0.8435800075531006,18:43:23
"[1, 1, 0]",0.8435800075531006,18:43:24
"[1, 1, 0]",0.7775967717170715,18:43:24
"[1, 1, 0]",0.717993974685669,18:43:24
"[1, 1, 0]",0.717993974685669,18:43:24
"[1, 1, 0]",0.6518023014068604,18:43:24
"[1, 1, 0]",0.6518023014068604,18:43:24
"[1, 1, 0]",0.5851627588272095,18:43:24
"[1, 1, 0]",0.5851627588272095,18:43:24
"[1, 1, 0]",0.5229641199111938,18:43:24
"[1, 1, 0]",0.5229641199111938,18:43:24
"[1, 1, 0]",0.45928341150283813,18:43:24
"[1, 1, 0]",0.45928341150283813,18:43:24
"[1, 1, 0]",0.4001882076263428,18:43:24
"[1, 1, 0]",0.4001882076263428,18:43:24
"[1, 1, 0]",0.3400372266769409,18:43:24
"[1, 1, 0]",0.3400372266769409,18:43:24
"[1, 1, 0]",0.2771555185317993,18:43:25
"[1, 1, 0]",0.2771555185317993,18:43:25
"[1, 1, 0]",0.21443438529968262,18:43:25
"[1, 1, 0]",0.21443438529968262,18:43:25
"[1, 1, 0]",0.1555408239364624,18:43:25
"[1, 1, 0]",0.1555408239364624,18:43:25
"[1, 1, 0]",0.0956261157989502,18:43:25
"[1, 1, 0]",0.0956261157989502,18:43:25
"[1, 1, 0]",0.04128211736679077,18:43:25
"[1, 1, 0]",0.04128211736679077,18:43:25
"[0, 1, 0]",0.9778822660446167,18:43:25
"[0, 1, 0]",0.9778822660446167,18:43:25
"[0, 1, 0]",0.9180920720100403,18:43:25
"[0, 1, 0]",0.9180920720100403,18:43:25
"[0, 1, 0]",0.8724574446678162,18:43:25
"[0, 1, 0]",0.8724574446678162,18:43:26
"[0, 1, 0]",0.8290407061576843,18:43:26
"[0, 1, 0]",0.8290407061576843,18:43:26
"[0, 1, 0]",0.777063250541687,18:43:26
"[0, 1, 0]",0.7374381422996521,18:43:26
"[0, 1, 0]",0.7374381422996521,18:43:26
"[0, 1, 0]",0.7374381422996521,18:43:26
"[0, 1, 0]",0.6922701001167297,18:43:26
"[0, 1, 0]",0.6556242108345032,18:43:26
"[0, 1, 0]",0.6556242108345032,18:43:26
"[0, 1, 0]",0.6264549493789673,18:43:26
"[0, 1, 0]",0.6264549493789673,18:43:26
"[0, 1, 0]",0.5953871011734009,18:43:26
"[0, 1, 0]",0.5953871011734009,18:43:26
"[0, 1, 0]",0.5718889832496643,18:43:26
"[0, 1, 0]",0.5718889832496643,18:43:27
"[0, 1, 0]",0.5497617125511169,18:43:27
"[0, 1, 0]",0.5497617125511169,18:43:27
"[0, 1, 0]",0.533244788646698,18:43:27
"[0, 1, 0]",0.533244788646698,18:43:27
"[0, 1, 0]",0.5248002409934998,18:43:27
"[0, 1, 0]",0.5248002409934998,18:43:27
"[0, 1, 0]",0.5167264342308044,18:43:27
"[0, 1, 0]",0.5167264342308044,18:43:27
"[0, 1, 0]",0.5090773105621338,18:43:27
"[0, 1, 0]",0.5090773105621338,18:43:27
"[0, 1, 0]",0.5039294958114624,18:43:27
"[0, 1, 0]",0.5022701323032379,18:43:27
"[0, 1, 0]",0.5022701323032379,18:43:27
"[0, 1, 0]",0.5027745962142944,18:43:27
"[0, 1, 0]",0.5027745962142944,18:43:28
"[0, 1, 0]",0.5000715851783752,18:43:28
"[0, 1, 0]",0.5000715851783752,18:43:28
"[0, 1, 0]",0.49896329641342163,18:43:28
"[0, 1, 0]",0.49896329641342163,18:43:28
"[0, 1, 0]",0.4989902675151825,18:43:28
"[0, 1, 0]",0.4989902675151825,18:43:28
"[0, 1, 0]",0.49966853857040405,18:43:28
"[0, 1, 0]",0.49966853857040405,18:43:28
"[0, 1, 0]",0.500669926404953,18:43:28
"[0, 1, 0]",0.500669926404953,18:43:28
"[0, 1, 0]",0.5018110573291779,18:43:28
"[0, 1, 0]",0.5026153922080994,18:43:28
"[0, 1, 0]",0.5026153922080994,18:43:28
"[0, 1, 0]",0.502023309469223,18:43:29
"[0, 1, 0]",0.502023309469223,18:43:29
"[0, 1, 0]",0.5014477968215942,18:43:29
"[0, 1, 0]",0.5014477968215942,18:43:29
"[0, 1, 0]",0.500892698764801,18:43:29
"[0, 1, 0]",0.500892698764801,18:43:29
"[0, 1, 0]",0.5003660023212433,18:43:29
"[0, 1, 0]",0.5003660023212433,18:43:29
"[0, 1, 0]",0.4998573362827301,18:43:29
"[0, 1, 0]",0.4998573362827301,18:43:29
"[0, 1, 0]",0.4993695318698883,18:43:29
"[0, 1, 0]",0.49890583753585815,18:43:29
"[0, 1, 0]",0.49890583753585815,18:43:29
"[0, 1, 0]",0.49845749139785767,18:43:29
"[0, 1, 0]",0.49845749139785767,18:43:30
"[0, 1, 0]",0.49802079796791077,18:43:30
"[0, 1, 0]",0.49802079796791077,18:43:30
"[0, 1, 0]",0.4975985586643219,18:43:30
"[0, 1, 0]",0.4975985586643219,18:43:30
"[0, 1, 0]",0.4971942901611328,18:43:30
"[0, 1, 0]",0.4971942901611328,18:43:30
"[0, 1, 0]",0.4974243640899658,18:43:30
"[0, 1, 0]",0.4974243640899658,18:43:30
"[0, 1, 0]",0.49795636534690857,18:43:30
"[0, 1, 0]",0.49843478202819824,18:43:30
"[0, 1, 0]",0.49843478202819824,18:43:30
"[0, 1, 0]",0.4988706409931183,18:43:30
"[0, 1, 0]",0.4988706409931183,18:43:30
"[0, 1, 0]",0.49930623173713684,18:43:31
"[0, 1, 0]",0.49930623173713684,18:43:31
"[0, 1, 0]",0.4997362494468689,18:43:31
"[0, 1, 0]",0.4997362494468689,18:43:31
"[0, 1, 0]",0.5001679956912994,18:43:31
"[0, 1, 0]",0.5001679956912994,18:43:31
"[0, 1, 0]",0.500596672296524,18:43:31
"[0, 1, 0]",0.5010251998901367,18:43:31
"[0, 1, 0]",0.5010251998901367,18:43:31
"[0, 1, 0]",0.5014519095420837,18:43:31
"[0, 1, 0]",0.5014519095420837,18:43:31
"[0, 1, 0]",0.5018822848796844,18:43:31
"[0, 1, 0]",0.5018822848796844,18:43:31
"[0, 1, 0]",0.5022715926170349,18:43:31
"[0, 1, 0]",0.5022715926170349,18:43:31
"[0, 1, 0]",0.5026027262210846,18:43:32
"[0, 1, 0]",0.5026027262210846,18:43:32
"[0, 1, 0]",0.5029327869415283,18:43:32
"[0, 1, 0]",0.5032609701156616,18:43:32
"[0, 1, 0]",0.5032609701156616,18:43:32
"[0, 1, 0]",0.5035942494869232,18:43:32
"[0, 1, 0]",0.5035942494869232,18:43:32
"[0, 1, 0]",0.5039207339286804,18:43:32
"[0, 1, 0]",0.5042511522769928,18:43:32
"[0, 1, 0]",0.5042511522769928,18:43:32
"[0, 1, 0]",0.5045763552188873,18:43:32
"[0, 1, 0]",0.5045763552188873,18:43:32
"[0, 1, 0]",0.5049068629741669,18:43:32
"[0, 1, 0]",0.5049068629741669,18:43:32
"[0, 1, 0]",0.5052366554737091,18:43:33
"[0, 1, 0]",0.5052366554737091,18:43:33
"[0, 1, 0]",0.504927933216095,18:43:33
"[0, 1, 0]",0.504927933216095,18:43:33
"[0, 1, 0]",0.5045992434024811,18:43:33
"[0, 1, 0]",0.5045992434024811,18:43:33
"[0, 1, 0]",0.5042708218097687,18:43:33
"[0, 1, 0]",0.5042708218097687,18:43:33
"[0, 1, 0]",0.5039426684379578,18:43:33
"[0, 1, 0]",0.5039426684379578,18:43:33
"[0, 1, 0]",0.5032864809036255,18:43:33
"[0, 1, 0]",0.5032864809036255,18:43:33
"[0, 1, 0]",0.5029577910900116,18:43:33
"[0, 1, 0]",0.5029577910900116,18:43:33
"[0, 1, 0]",0.5026293694972992,18:43:33
"[0, 1, 0]",0.5026293694972992,18:43:34
"[0, 1, 0]",0.5023008584976196,18:43:34
"[0, 1, 0]",0.5023008584976196,18:43:34
"[0, 1, 0]",0.5019703805446625,18:43:34
"[0, 1, 0]",0.5019703805446625,18:43:34
"[0, 1, 0]",0.51691734790802,18:43:34
"[0, 1, 0]",0.6141501665115356,18:43:34
"[0, 1, 0]",0.6141501665115356,18:43:34
"[0, 1, 0]",0.7087575197219849,18:43:34
"[0, 1, 0]",0.7087575197219849,18:43:34
"[0, 1, 0]",0.7087575197219849,18:43:34
"[0, 1, 0]",0.7991618514060974,18:43:34
"[0, 1, 0]",0.7991618514060974,18:43:34
"[0, 1, 0]",0.8924459218978882,18:43:34
"[0, 1, 0]",0.8924459218978882,18:43:34
"[0, 1, 0]",0.9848321080207825,18:43:34
"[0, 1, 0]",0.9848321080207825,18:43:35
"[0, 1, 0]",1.0797464847564697,18:43:35
"[0, 1, 0]",1.0797464847564697,18:43:35
"[0, 1, 0]",1.1694441139698029,18:43:35
"[0, 1, 0]",1.1694441139698029,18:43:35
"[0, 1, 0]",1.1694441139698029,18:43:35
"[0, 1, 0]",1.2667980343103409,18:43:35
"[0, 1, 0]",1.359002724289894,18:43:35
"[0, 1, 0]",1.359002724289894,18:43:35
"[0, 1, 0]",1.359002724289894,18:43:35
"[0, 1, 0]",1.4532271847128868,18:43:35
"[0, 1, 0]",1.4532271847128868,18:43:35
"[1, 1, 0]",1.0408328864723444,18:43:35
"[1, 1, 0]",1.0408328864723444,18:43:35
"[1, 1, 0]",1.0408328864723444,18:43:35
"[1, 1, 0]",1.1344039589166641,18:43:35
"[1, 1, 0]",1.1344039589166641,18:43:35
"[1, 1, 0]",1.2092134654521942,18:43:35
"[1, 1, 0]",1.2092134654521942,18:43:35
"[1, 1, 0]",1.2092134654521942,18:43:36
"[1, 1, 0]",1.2938704788684845,18:43:36
"[1, 1, 0]",1.2938704788684845,18:43:36
"[1, 1, 0]",1.2938704788684845,18:43:36
"[1, 1, 0]",1.3354842364788055,18:43:36
"[1, 1, 0]",1.3354842364788055,18:43:36
"[1, 1, 0]",1.348868727684021,18:43:36
"[1, 1, 0]",1.348868727684021,18:43:36
"[1, 1, 0]",1.348868727684021,18:43:36
"[1, 1, 0]",1.4209473133087158,18:43:36
"[1, 1, 0]",1.4209473133087158,18:43:36
"[1, 1, 0]",1.4829039871692657,18:43:36
"[1, 1, 0]",1.4829039871692657,18:43:36
"[1, 1, 0]",1.4829039871692657,18:43:36
"[1, 1, 0]",1.4829039871692657,18:43:36
"[1, 1, 0]",1.551490843296051,18:43:36
"[1, 1, 0]",1.551490843296051,18:43:36
"[1, 1, 0]",1.551490843296051,18:43:36
"[1, 1, 0]",1.551490843296051,18:43:36
"[1, 1, 0]",1.613368034362793,18:43:36
"[1, 1, 0]",1.613368034362793,18:43:36
"[1, 1, 0]",1.613368034362793,18:43:36
"[1, 1, 0]",1.613368034362793,18:43:36
"[1, 1, 0]",1.6832380294799805,18:43:36
"[1, 1, 0]",1.6832380294799805,18:43:36
"[1, 1, 0]",1.6832380294799805,18:43:36
"[1, 1, 0]",1.6832380294799805,18:43:37
"[1, 1, 0]",1.7483588457107544,18:43:37
"[1, 1, 0]",1.7483588457107544,18:43:37
"[1, 1, 0]",1.7483588457107544,18:43:37
"[1, 1, 0]",1.7483588457107544,18:43:37
"[1, 1, 0]",1.809253990650177,18:43:37
"[1, 1, 0]",1.809253990650177,18:43:37
"[1, 1, 0]",1.809253990650177,18:43:37
"[1, 1, 0]",1.809253990650177,18:43:37
"[1, 1, 0]",1.809253990650177,18:43:37
"[1, 1, 0]",1.8778818249702454,18:43:37
"[1, 1, 0]",1.8778818249702454,18:43:37
"[1, 1, 0]",1.8778818249702454,18:43:37
"[1, 1, 0]",1.8778818249702454,18:43:37
"[1, 1, 0]",1.8778818249702454,18:43:37
"[1, 1, 0]",1.9424731731414795,18:43:37
"[1, 1, 0]",1.9424731731414795,18:43:37
"[1, 1, 0]",1.9424731731414795,18:43:37
"[1, 1, 0]",1.9424731731414795,18:43:37
"[1, 1, 0]",2.0149619579315186,18:43:37
"[1, 1, 0]",2.0149619579315186,18:43:37
"[1, 1, 0]",2.0149619579315186,18:43:37
"[1, 1, 0]",2.0149619579315186,18:43:37
"[1, 1, 0]",2.0149619579315186,18:43:37
"[1, 1, 0]",2.0804376006126404,18:43:37
"[1, 1, 0]",2.0804376006126404,18:43:37
"[1, 1, 0]",2.0804376006126404,18:43:37
"[1, 1, 0]",2.0804376006126404,18:43:37
"[1, 1, 0]",2.0804376006126404,18:43:37
"[1, 1, 0]",2.1490111351013184,18:43:37
"[1, 1, 0]",2.1490111351013184,18:43:37
"[1, 1, 0]",2.1490111351013184,18:43:37
"[1, 1, 0]",2.1490111351013184,18:43:37
"[1, 1, 0]",2.2108487486839294,18:43:37
"[1, 1, 0]",2.2108487486839294,18:43:37
"[1, 1, 0]",2.2108487486839294,18:43:37
"[1, 1, 0]",2.2108487486839294,18:43:37
"[1, 1, 0]",2.2108487486839294,18:43:38
"[1, 1, 0]",2.2816449403762817,18:43:38
"[1, 1, 0]",2.2816449403762817,18:43:38
"[1, 1, 0]",2.2816449403762817,18:43:38
"[1, 1, 0]",2.2816449403762817,18:43:38
"[1, 1, 0]",2.2816449403762817,18:43:38
"[1, 1, 0]",2.349229097366333,18:43:38
"[1, 1, 0]",2.349229097366333,18:43:38
"[1, 1, 0]",2.349229097366333,18:43:38
"[1, 1, 0]",2.349229097366333,18:43:38
"[1, 1, 0]",2.349229097366333,18:43:38
"[1, 1, 0]",2.4142279624938965,18:43:38
"[1, 1, 0]",2.4142279624938965,18:43:38
"[1, 1, 0]",2.4142279624938965,18:43:38
"[1, 1, 0]",2.4142279624938965,18:43:38
"[1, 1, 0]",2.4142279624938965,18:43:38
"[1, 1, 0]",2.4142279624938965,18:43:38
"[1, 1, 0]",2.48841392993927,18:43:38
"[1, 1, 0]",2.48841392993927,18:43:38
"[1, 1, 0]",2.48841392993927,18:43:38
"[1, 1, 0]",2.48841392993927,18:43:38
"[1, 1, 0]",2.48841392993927,18:43:38
"[1, 1, 0]",2.48841392993927,18:43:38
"[1, 1, 0]",2.6076360940933228,18:43:38
"[1, 1, 0]",2.6076360940933228,18:43:38
"[1, 1, 0]",2.6076360940933228,18:43:38
"[1, 1, 0]",2.6076360940933228,18:43:38
"[1, 1, 0]",2.6076360940933228,18:43:38
"[1, 1, 0]",2.6076360940933228,18:43:38
"[1, 1, 0]",2.7433412075042725,18:43:38
"[1, 1, 0]",2.7433412075042725,18:43:38
"[1, 1, 0]",2.7433412075042725,18:43:38
"[1, 1, 0]",2.7433412075042725,18:43:38
"[1, 1, 0]",2.7433412075042725,18:43:38
"[1, 1, 0]",2.7433412075042725,18:43:38
"[1, 1, 0]",2.869206130504608,18:43:38
"[1, 1, 0]",2.869206130504608,18:43:38
"[1, 1, 0]",2.869206130504608,18:43:38
"[1, 1, 0]",2.869206130504608,18:43:38
"[1, 1, 0]",2.869206130504608,18:43:38
"[1, 1, 0]",2.869206130504608,18:43:38
"[1, 1, 0]",2.9988428950309753,18:43:38
"[1, 1, 0]",2.9988428950309753,18:43:38
"[1, 1, 0]",2.9988428950309753,18:43:38
"[1, 1, 0]",2.9988428950309753,18:43:38
"[1, 1, 0]",2.9988428950309753,18:43:38
"[1, 1, 0]",2.9988428950309753,18:43:38
"[1, 1, 0]",2.9988428950309753,18:43:38
"[1, 1, 0]",3.145831048488617,18:43:38
"[1, 1, 0]",3.145831048488617,18:43:39
"[1, 1, 0]",3.145831048488617,18:43:39
"[1, 1, 0]",3.145831048488617,18:43:39
"[1, 1, 0]",3.145831048488617,18:43:39
"[1, 1, 0]",3.145831048488617,18:43:39
"[1, 1, 0]",3.145831048488617,18:43:39
"[1, 1, 0]",3.2700632214546204,18:43:39
"[1, 1, 0]",3.2700632214546204,18:43:39
"[1, 1, 0]",3.2700632214546204,18:43:39
"[1, 1, 0]",3.2700632214546204,18:43:39
"[1, 1, 0]",3.2700632214546204,18:43:39
"[1, 1, 0]",3.2700632214546204,18:43:39
"[1, 1, 0]",3.2700632214546204,18:43:39
"[1, 1, 0]",3.4120052456855774,18:43:39
"[1, 1, 0]",3.4120052456855774,18:43:39
"[1, 1, 0]",3.4120052456855774,18:43:39
"[1, 1, 0]",3.4120052456855774,18:43:39
"[1, 1, 0]",3.4120052456855774,18:43:39
"[1, 1, 0]",3.4120052456855774,18:43:39
"[1, 1, 0]",3.544519692659378,18:43:39
"[1, 1, 0]",3.544519692659378,18:43:39
"[1, 1, 0]",3.544519692659378,18:43:39
"[1, 1, 0]",3.544519692659378,18:43:39
"[1, 1, 0]",3.544519692659378,18:43:39
"[1, 1, 0]",3.544519692659378,18:43:39
"[1, 1, 0]",3.544519692659378,18:43:39
"[1, 1, 0]",3.681268960237503,18:43:39
"[1, 1, 0]",3.681268960237503,18:43:39
"[1, 1, 0]",3.681268960237503,18:43:39
"[1, 1, 0]",3.681268960237503,18:43:39
"[1, 1, 0]",3.681268960237503,18:43:39
"[1, 1, 0]",3.681268960237503,18:43:39
"[1, 1, 0]",3.681268960237503,18:43:39
"[1, 1, 0]",3.681268960237503,18:43:39
"[1, 1, 0]",3.822406589984894,18:43:39
"[1, 1, 0]",3.822406589984894,18:43:39
"[1, 1, 0]",3.822406589984894,18:43:39
"[1, 1, 0]",3.822406589984894,18:43:39
"[1, 1, 0]",3.822406589984894,18:43:39
"[1, 1, 0]",3.822406589984894,18:43:39
"[1, 1, 0]",3.822406589984894,18:43:39
"[1, 1, 0]",3.822406589984894,18:43:39
"[1, 1, 0]",3.953277349472046,18:43:39
"[1, 1, 0]",3.953277349472046,18:43:39
"[1, 1, 0]",3.953277349472046,18:43:39
"[1, 1, 0]",3.953277349472046,18:43:39
"[1, 1, 0]",3.953277349472046,18:43:39
"[1, 1, 0]",3.953277349472046,18:43:39
"[1, 1, 0]",3.953277349472046,18:43:39
"[1, 1, 0]",3.953277349472046,18:43:39
"[1, 1, 0]",3.953277349472046,18:43:39
"[1, 1, 0]",4.088154584169388,18:43:39
"[1, 1, 0]",4.088154584169388,18:43:39
"[1, 1, 0]",4.088154584169388,18:43:39
"[1, 1, 0]",4.088154584169388,18:43:39
"[1, 1, 0]",4.088154584169388,18:43:39
"[1, 1, 0]",4.088154584169388,18:43:39
"[1, 1, 0]",4.088154584169388,18:43:39
"[1, 1, 0]",4.088154584169388,18:43:39
"[1, 1, 0]",4.088154584169388,18:43:39
"[1, 1, 0]",4.227165520191193,18:43:39
"[1, 1, 0]",4.227165520191193,18:43:39
"[1, 1, 0]",4.227165520191193,18:43:40
"[1, 1, 0]",4.227165520191193,18:43:40
"[1, 1, 0]",4.227165520191193,18:43:40
"[1, 1, 0]",4.227165520191193,18:43:40
"[1, 1, 0]",4.227165520191193,18:43:40
"[1, 1, 0]",4.227165520191193,18:43:40
"[1, 1, 0]",4.227165520191193,18:43:40
"[1, 1, 0]",4.354418329894543,18:43:40
"[1, 1, 0]",4.354418329894543,18:43:40
"[1, 1, 0]",4.354418329894543,18:43:40
"[1, 1, 0]",4.354418329894543,18:43:40
"[1, 1, 0]",4.354418329894543,18:43:40
"[1, 1, 0]",4.354418329894543,18:43:40
"[1, 1, 0]",4.354418329894543,18:43:40
"[1, 1, 0]",4.354418329894543,18:43:40
"[1, 1, 0]",4.354418329894543,18:43:40
"[1, 1, 0]",4.354418329894543,18:43:40
"[1, 1, 0]",4.354418329894543,18:43:40
"[1, 1, 0]",4.5016358979046345,18:43:40
"[1, 1, 0]",4.5016358979046345,18:43:40
"[1, 1, 0]",4.5016358979046345,18:43:40
"[1, 1, 0]",4.5016358979046345,18:43:40
"[1, 1, 0]",4.5016358979046345,18:43:40
"[1, 1, 0]",4.5016358979046345,18:43:40
"[1, 1, 0]",4.5016358979046345,18:43:40
"[1, 1, 0]",4.5016358979046345,18:43:40
"[1, 1, 0]",4.5016358979046345,18:43:40
"[1, 1, 0]",4.636439830064774,18:43:40
"[1, 1, 0]",4.636439830064774,18:43:40
"[1, 1, 0]",4.636439830064774,18:43:40
"[1, 1, 0]",4.636439830064774,18:43:40
"[1, 1, 0]",4.636439830064774,18:43:40
"[1, 1, 0]",4.636439830064774,18:43:40
"[1, 1, 0]",4.636439830064774,18:43:40
"[1, 1, 0]",4.636439830064774,18:43:40
"[1, 1, 0]",4.636439830064774,18:43:40
"[1, 1, 0]",4.636439830064774,18:43:40
"[1, 1, 0]",4.774955838918686,18:43:40
"[1, 1, 0]",4.774955838918686,18:43:40
"[1, 1, 0]",4.774955838918686,18:43:40
"[1, 1, 0]",4.774955838918686,18:43:40
"[1, 1, 0]",4.774955838918686,18:43:40
"[1, 1, 0]",4.774955838918686,18:43:40
"[1, 1, 0]",4.774955838918686,18:43:40
"[1, 1, 0]",4.774955838918686,18:43:40
"[1, 1, 0]",4.774955838918686,18:43:40
"[1, 1, 0]",4.774955838918686,18:43:40
"[1, 1, 0]",4.774955838918686,18:43:40
"[1, 1, 0]",4.8993333876132965,18:43:40
"[1, 1, 0]",4.8993333876132965,18:43:40
"[1, 1, 0]",4.8993333876132965,18:43:40
"[1, 1, 0]",4.8993333876132965,18:43:40
"[1, 1, 0]",4.8993333876132965,18:43:40
"[1, 1, 0]",4.8993333876132965,18:43:40
"[1, 1, 0]",4.8993333876132965,18:43:40
"[1, 1, 0]",4.8993333876132965,18:43:40
"[1, 1, 0]",4.8993333876132965,18:43:40
"[1, 1, 0]",4.8993333876132965,18:43:40
"[1, 1, 0]",5.044998317956924,18:43:40
"[1, 1, 0]",5.044998317956924,18:43:40
"[1, 1, 0]",5.044998317956924,18:43:40
"[1, 1, 0]",5.044998317956924,18:43:40
"[1, 1, 0]",5.044998317956924,18:43:40
"[1, 1, 0]",5.044998317956924,18:43:40
"[1, 1, 0]",5.044998317956924,18:43:40
"[1, 1, 0]",5.044998317956924,18:43:40
"[1, 1, 0]",5.044998317956924,18:43:40
"[1, 1, 0]",5.044998317956924,18:43:40
"[1, 1, 0]",5.044998317956924,18:43:40
"[1, 1, 0]",5.175668507814407,18:43:40
"[1, 1, 0]",5.175668507814407,18:43:40
"[1, 1, 0]",5.175668507814407,18:43:40
"[1, 1, 0]",5.175668507814407,18:43:40
"[1, 1, 0]",5.175668507814407,18:43:40
"[1, 1, 0]",5.175668507814407,18:43:40
"[1, 1, 0]",5.175668507814407,18:43:40
"[1, 1, 0]",5.175668507814407,18:43:40
"[1, 1, 0]",5.175668507814407,18:43:40
"[1, 1, 0]",5.175668507814407,18:43:40
"[1, 1, 0]",5.3093302845954895,18:43:40
"[1, 1, 0]",5.3093302845954895,18:43:40
"[1, 1, 0]",5.3093302845954895,18:43:40
"[1, 1, 0]",5.3093302845954895,18:43:40
"[1, 1, 0]",5.3093302845954895,18:43:40
"[1, 1, 0]",5.3093302845954895,18:43:40
"[1, 1, 0]",5.3093302845954895,18:43:41
"[1, 1, 0]",5.3093302845954895,18:43:41
"[1, 1, 0]",5.3093302845954895,18:43:41
"[1, 1, 0]",5.3093302845954895,18:43:41
"[1, 1, 0]",5.446871906518936,18:43:41
"[1, 1, 0]",5.446871906518936,18:43:41
"[1, 1, 0]",5.446871906518936,18:43:41
"[1, 1, 0]",5.446871906518936,18:43:41
"[1, 1, 0]",5.446871906518936,18:43:41
"[1, 1, 0]",5.446871906518936,18:43:41
"[1, 1, 0]",5.446871906518936,18:43:41
"[1, 1, 0]",5.446871906518936,18:43:41
"[1, 1, 0]",5.446871906518936,18:43:41
"[1, 1, 0]",5.446871906518936,18:43:41
"[1, 1, 0]",5.446871906518936,18:43:41
"[1, 1, 0]",5.585824102163315,18:43:41
"[1, 1, 0]",5.585824102163315,18:43:41
"[1, 1, 0]",5.585824102163315,18:43:41
"[1, 1, 0]",5.585824102163315,18:43:41
"[1, 1, 0]",5.585824102163315,18:43:41
"[1, 1, 0]",5.585824102163315,18:43:41
"[1, 1, 0]",5.585824102163315,18:43:41
"[1, 1, 0]",5.585824102163315,18:43:41
"[1, 1, 0]",5.585824102163315,18:43:41
"[1, 1, 0]",5.585824102163315,18:43:41
"[1, 1, 0]",5.585824102163315,18:43:41
"[1, 1, 0]",5.728833913803101,18:43:41
"[1, 1, 0]",5.728833913803101,18:43:41
"[1, 1, 0]",5.728833913803101,18:43:41
"[1, 1, 0]",5.728833913803101,18:43:41
"[1, 1, 0]",5.728833913803101,18:43:41
"[1, 1, 0]",5.728833913803101,18:43:41
"[1, 1, 0]",5.728833913803101,18:43:41
"[1, 1, 0]",5.728833913803101,18:43:41
"[1, 1, 0]",5.728833913803101,18:43:41
"[1, 1, 0]",5.728833913803101,18:43:41
"[1, 1, 0]",5.728833913803101,18:43:41
"[1, 1, 0]",5.874345600605011,18:43:41
"[1, 1, 0]",5.874345600605011,18:43:41
"[1, 1, 0]",5.874345600605011,18:43:41
"[1, 1, 0]",5.874345600605011,18:43:41
"[1, 1, 0]",5.874345600605011,18:43:41
"[1, 1, 0]",5.874345600605011,18:43:41
"[1, 1, 0]",5.874345600605011,18:43:41
"[1, 1, 0]",5.874345600605011,18:43:41
"[1, 1, 0]",5.874345600605011,18:43:41
"[1, 1, 0]",5.874345600605011,18:43:41
"[1, 1, 0]",5.874345600605011,18:43:41
"[1, 1, 0]",6.002096593379974,18:43:41
"[1, 1, 0]",6.002096593379974,18:43:41
"[1, 1, 0]",6.002096593379974,18:43:41
"[1, 1, 0]",6.002096593379974,18:43:41
"[1, 1, 0]",6.002096593379974,18:43:41
"[1, 1, 0]",6.002096593379974,18:43:41
"[1, 1, 0]",6.002096593379974,18:43:41
"[1, 1, 0]",6.002096593379974,18:43:41
"[1, 1, 0]",6.002096593379974,18:43:41
"[1, 1, 0]",6.002096593379974,18:43:41
"[1, 1, 0]",6.002096593379974,18:43:41
"[1, 1, 0]",6.131688594818115,18:43:41
"[1, 1, 0]",6.131688594818115,18:43:41
"[1, 1, 0]",6.131688594818115,18:43:41
"[1, 1, 0]",6.131688594818115,18:43:41
"[1, 1, 0]",6.131688594818115,18:43:41
"[1, 1, 0]",6.131688594818115,18:43:41
"[1, 1, 0]",6.131688594818115,18:43:41
"[1, 1, 0]",6.131688594818115,18:43:41
"[1, 1, 0]",6.131688594818115,18:43:41
"[1, 1, 0]",6.131688594818115,18:43:41
"[1, 1, 0]",6.131688594818115,18:43:41
"[1, 1, 0]",6.2863709926605225,18:43:41
"[1, 1, 0]",6.2863709926605225,18:43:41
"[1, 1, 0]",6.2863709926605225,18:43:41
"[1, 1, 0]",6.2863709926605225,18:43:41
"[1, 1, 0]",6.2863709926605225,18:43:41
"[1, 1, 0]",6.2863709926605225,18:43:41
"[1, 1, 0]",6.2863709926605225,18:43:41
"[1, 1, 0]",6.2863709926605225,18:43:41
"[1, 1, 0]",6.2863709926605225,18:43:41
"[1, 1, 0]",6.2863709926605225,18:43:41
"[1, 1, 0]",6.2863709926605225,18:43:41
"[1, 1, 0]",6.2863709926605225,18:43:41
"[1, 1, 0]",6.420531690120697,18:43:41
"[1, 1, 0]",6.420531690120697,18:43:41
"[1, 1, 0]",6.420531690120697,18:43:41
"[1, 1, 0]",6.420531690120697,18:43:41
"[1, 1, 0]",6.420531690120697,18:43:41
"[1, 1, 0]",6.420531690120697,18:43:41
"[1, 1, 0]",6.420531690120697,18:43:41
"[1, 1, 0]",6.420531690120697,18:43:41
"[1, 1, 0]",6.420531690120697,18:43:42
"[1, 1, 0]",6.420531690120697,18:43:42
"[1, 1, 0]",6.420531690120697,18:43:42
"[1, 1, 0]",6.556957364082336,18:43:42
"[1, 1, 0]",6.556957364082336,18:43:42
"[1, 1, 0]",6.556957364082336,18:43:42
"[1, 1, 0]",6.556957364082336,18:43:42
"[1, 1, 0]",6.556957364082336,18:43:42
"[1, 1, 0]",6.556957364082336,18:43:42
"[1, 1, 0]",6.556957364082336,18:43:42
"[1, 1, 0]",6.556957364082336,18:43:42
"[1, 1, 0]",6.556957364082336,18:43:42
"[1, 1, 0]",6.556957364082336,18:43:42
"[1, 1, 0]",6.556957364082336,18:43:42
"[1, 1, 0]",6.695677638053894,18:43:42
"[1, 1, 0]",6.695677638053894,18:43:42
"[1, 1, 0]",6.695677638053894,18:43:42
"[1, 1, 0]",6.695677638053894,18:43:42
"[1, 1, 0]",6.695677638053894,18:43:42
"[1, 1, 0]",6.695677638053894,18:43:42
"[1, 1, 0]",6.695677638053894,18:43:42
"[1, 1, 0]",6.695677638053894,18:43:42
"[1, 1, 0]",6.695677638053894,18:43:42
"[1, 1, 0]",6.695677638053894,18:43:42
"[1, 1, 0]",6.695677638053894,18:43:42
"[1, 1, 0]",6.83673095703125,18:43:42
"[1, 1, 0]",6.83673095703125,18:43:42
"[1, 1, 0]",6.83673095703125,18:43:42
"[1, 1, 0]",6.83673095703125,18:43:42
"[1, 1, 0]",6.83673095703125,18:43:42
"[1, 1, 0]",6.83673095703125,18:43:42
"[1, 1, 0]",6.83673095703125,18:43:42
"[1, 1, 0]",6.83673095703125,18:43:42
"[1, 1, 0]",6.83673095703125,18:43:42
"[1, 1, 0]",6.83673095703125,18:43:42
"[1, 1, 0]",6.83673095703125,18:43:42
"[1, 1, 0]",6.83673095703125,18:43:42
"[1, 1, 0]",6.958341479301453,18:43:42
"[1, 1, 0]",6.958341479301453,18:43:42
"[1, 1, 0]",6.958341479301453,18:43:42
"[1, 1, 0]",6.958341479301453,18:43:42
"[1, 1, 0]",6.958341479301453,18:43:42
"[1, 1, 0]",6.958341479301453,18:43:42
"[1, 1, 0]",6.958341479301453,18:43:42
"[1, 1, 0]",6.958341479301453,18:43:42
"[1, 1, 0]",6.958341479301453,18:43:42
"[1, 1, 0]",6.958341479301453,18:43:42
"[1, 1, 0]",6.958341479301453,18:43:42
"[1, 1, 0]",6.958341479301453,18:43:42
"[1, 1, 0]",7.098014831542969,18:43:42
"[1, 1, 0]",7.098014831542969,18:43:42
"[1, 1, 0]",7.098014831542969,18:43:42
"[1, 1, 0]",7.098014831542969,18:43:42
"[1, 1, 0]",7.098014831542969,18:43:42
"[1, 1, 0]",7.098014831542969,18:43:42
"[1, 1, 0]",7.098014831542969,18:43:42
"[1, 1, 0]",7.098014831542969,18:43:42
"[1, 1, 0]",7.098014831542969,18:43:42
"[1, 1, 0]",7.098014831542969,18:43:42
"[1, 1, 0]",7.098014831542969,18:43:42
"[1, 1, 0]",7.098014831542969,18:43:42
"[1, 1, 0]",7.245621204376221,18:43:42
"[1, 1, 0]",7.245621204376221,18:43:42
"[1, 1, 0]",7.245621204376221,18:43:42
"[1, 1, 0]",7.245621204376221,18:43:42
"[1, 1, 0]",7.245621204376221,18:43:42
"[1, 1, 0]",7.245621204376221,18:43:42
"[1, 1, 0]",7.245621204376221,18:43:42
"[1, 1, 0]",7.245621204376221,18:43:42
"[1, 1, 0]",7.245621204376221,18:43:42
"[1, 1, 0]",7.245621204376221,18:43:42
"[1, 1, 0]",7.245621204376221,18:43:42
"[1, 1, 0]",7.245621204376221,18:43:42
"[1, 1, 0]",7.245621204376221,18:43:42
"[1, 1, 0]",7.366378664970398,18:43:42
"[1, 1, 0]",7.366378664970398,18:43:42
"[1, 1, 0]",7.366378664970398,18:43:42
"[1, 1, 0]",7.366378664970398,18:43:42
"[1, 1, 0]",7.366378664970398,18:43:42
"[1, 1, 0]",7.366378664970398,18:43:42
"[1, 1, 0]",7.366378664970398,18:43:42
"[1, 1, 0]",7.366378664970398,18:43:42
"[1, 1, 0]",7.366378664970398,18:43:42
"[1, 1, 0]",7.366378664970398,18:43:42
"[1, 1, 0]",7.366378664970398,18:43:42
"[1, 1, 0]",7.366378664970398,18:43:42
"[1, 1, 0]",7.5182729959487915,18:43:42
"[1, 1, 0]",7.5182729959487915,18:43:42
"[1, 1, 0]",7.5182729959487915,18:43:42
"[1, 1, 0]",7.5182729959487915,18:43:42
"[1, 1, 0]",7.5182729959487915,18:43:42
"[1, 1, 0]",7.5182729959487915,18:43:42
"[1, 1, 0]",7.5182729959487915,18:43:42
"[1, 1, 0]",7.5182729959487915,18:43:42
"[1, 1, 0]",7.5182729959487915,18:43:42
"[1, 1, 0]",7.5182729959487915,18:43:42
"[1, 1, 0]",7.5182729959487915,18:43:42
"[1, 1, 0]",7.5182729959487915,18:43:42
"[1, 1, 0]",7.641243100166321,18:43:43
"[1, 1, 0]",7.641243100166321,18:43:43
"[1, 1, 0]",7.641243100166321,18:43:43
"[1, 1, 0]",7.641243100166321,18:43:43
"[1, 1, 0]",7.641243100166321,18:43:43
"[1, 1, 0]",7.641243100166321,18:43:43
"[1, 1, 0]",7.641243100166321,18:43:43
"[1, 1, 0]",7.641243100166321,18:43:43
"[1, 1, 0]",7.641243100166321,18:43:43
"[1, 1, 0]",7.641243100166321,18:43:43
"[1, 1, 0]",7.641243100166321,18:43:43
"[1, 1, 0]",7.641243100166321,18:43:43
"[1, 1, 0]",7.641243100166321,18:43:43
"[1, 1, 0]",7.797535061836243,18:43:43
"[1, 1, 0]",7.797535061836243,18:43:43
"[1, 1, 0]",7.797535061836243,18:43:43
"[1, 1, 0]",7.797535061836243,18:43:43
"[1, 1, 0]",7.797535061836243,18:43:43
"[1, 1, 0]",7.797535061836243,18:43:43
"[1, 1, 0]",7.797535061836243,18:43:43
"[1, 1, 0]",7.797535061836243,18:43:43
"[1, 1, 0]",7.797535061836243,18:43:43
"[1, 1, 0]",7.797535061836243,18:43:43
"[1, 1, 0]",7.797535061836243,18:43:43
"[1, 1, 0]",7.797535061836243,18:43:43
"[1, 1, 0]",7.797535061836243,18:43:43
"[1, 1, 0]",7.797535061836243,18:43:43
"[1, 1, 0]",7.797535061836243,18:43:43
"[1, 1, 0]",7.797535061836243,18:43:43
"[1, 1, 0]",7.797535061836243,18:43:43
"[1, 1, 0]",7.92428719997406,18:43:43
"[1, 1, 0]",7.92428719997406,18:43:43
"[1, 1, 0]",7.92428719997406,18:43:43
"[1, 1, 0]",7.92428719997406,18:43:43
"[1, 1, 0]",7.92428719997406,18:43:43
"[1, 1, 0]",7.92428719997406,18:43:43
"[1, 1, 0]",7.92428719997406,18:43:43
"[1, 1, 0]",7.92428719997406,18:43:43
"[1, 1, 0]",7.92428719997406,18:43:43
"[1, 1, 0]",7.92428719997406,18:43:43
"[1, 1, 0]",7.92428719997406,18:43:43
"[1, 1, 0]",7.92428719997406,18:43:43
"[1, 1, 0]",7.92428719997406,18:43:43
"[1, 1, 0]",7.92428719997406,18:43:43
"[1, 1, 0]",7.92428719997406,18:43:43
"[1, 1, 0]",7.92428719997406,18:43:43
"[1, 1, 0]",7.92428719997406,18:43:43
"[1, 1, 0]",7.92428719997406,18:43:43
"[1, 1, 0]",7.92428719997406,18:43:43
"[1, 1, 0]",8.053795099258423,18:43:43
"[1, 1, 0]",8.053795099258423,18:43:43
"[1, 1, 0]",8.053795099258423,18:43:43
"[1, 1, 0]",8.053795099258423,18:43:43
"[1, 1, 0]",8.053795099258423,18:43:43
"[1, 1, 0]",8.053795099258423,18:43:43
"[1, 1, 0]",8.053795099258423,18:43:43
"[1, 1, 0]",8.053795099258423,18:43:43
"[1, 1, 0]",8.053795099258423,18:43:43
"[1, 1, 0]",8.053795099258423,18:43:43
"[1, 1, 0]",8.053795099258423,18:43:43
"[1, 1, 0]",8.053795099258423,18:43:43
"[1, 1, 0]",8.053795099258423,18:43:43
"[1, 1, 0]",8.053795099258423,18:43:43
"[1, 1, 0]",8.053795099258423,18:43:43
"[1, 1, 0]",8.053795099258423,18:43:43
"[1, 1, 0]",8.053795099258423,18:43:43
"[1, 1, 0]",8.053795099258423,18:43:43
"[1, 1, 0]",8.20973527431488,18:43:43
"[1, 1, 0]",8.20973527431488,18:43:43
"[1, 1, 0]",8.20973527431488,18:43:43
"[1, 1, 0]",8.20973527431488,18:43:43
"[1, 1, 0]",8.20973527431488,18:43:43
"[1, 1, 0]",8.20973527431488,18:43:43
"[1, 1, 0]",8.20973527431488,18:43:43
"[1, 1, 0]",8.20973527431488,18:43:43
"[1, 1, 0]",8.20973527431488,18:43:43
"[1, 1, 0]",8.20973527431488,18:43:43
"[1, 1, 0]",8.20973527431488,18:43:43
"[1, 1, 0]",8.20973527431488,18:43:43
"[1, 1, 0]",8.20973527431488,18:43:43
"[1, 1, 0]",8.20973527431488,18:43:43
"[1, 1, 0]",8.20973527431488,18:43:43
"[1, 1, 0]",8.20973527431488,18:43:43
"[1, 1, 0]",8.20973527431488,18:43:43
"[1, 1, 0]",8.20973527431488,18:43:43
"[1, 1, 0]",8.20973527431488,18:43:43
"[1, 1, 0]",8.20973527431488,18:43:43
"[1, 1, 0]",8.20973527431488,18:43:43
"[1, 1, 0]",8.20973527431488,18:43:43
